{"cameraMode":{"drawMode":0,"name":"Shaded","section":"Shading Mode"},"sceneLighting":true,"audioPlay":false,"sceneViewState":{"showFog":true,"showMaterialUpdate":false,"showSkybox":false,"showFlares":true,"showImageEffects":true,"showParticleSystems":true},"in2DMode":false,"pivot":{"x":-11.708442687988282,"y":6.303863525390625,"z":13.963176727294922},"rotation":{"x":0.2591196298599243,"y":-0.37006568908691409,"z":0.16307875514030457,"w":0.877126932144165},"size":40.0103759765625,"orthographic":false}