{"cameraMode":{"drawMode":0,"name":"Shaded","section":"Shading Mode"},"sceneLighting":true,"audioPlay":false,"sceneViewState":{"showFog":true,"showMaterialUpdate":false,"showSkybox":true,"showFlares":true,"showImageEffects":true,"showParticleSystems":true},"in2DMode":false,"pivot":{"x":-14.278698921203614,"y":0.6222152709960938,"z":-3.9391069412231447},"rotation":{"x":0.1777677834033966,"y":-0.6795536279678345,"z":0.3069930076599121,"w":0.6421751976013184},"size":34.62617111206055,"orthographic":false}