{"cameraMode":{"drawMode":0,"name":"Shaded","section":"Shading Mode"},"sceneLighting":true,"audioPlay":false,"sceneViewState":{"showFog":true,"showMaterialUpdate":false,"showSkybox":true,"showFlares":true,"showImageEffects":true,"showParticleSystems":true},"in2DMode":false,"pivot":{"x":-10.701902389526368,"y":14.915504455566407,"z":12.107295989990235},"rotation":{"x":0.23445390164852143,"y":-0.5765764117240906,"z":0.2911359369754791,"w":0.7265393137931824},"size":42.09425735473633,"orthographic":false}