{"cameraMode":{"drawMode":0,"name":"Shaded","section":"Shading Mode"},"sceneLighting":false,"audioPlay":false,"sceneViewState":{"showFog":true,"showMaterialUpdate":false,"showSkybox":false,"showFlares":true,"showImageEffects":true,"showParticleSystems":true},"in2DMode":false,"pivot":{"x":0.0,"y":1.2508940696716309,"z":-0.0636906623840332},"rotation":{"x":-0.003489140886813402,"y":0.6910319328308106,"z":-0.0033082712907344105,"w":-0.7228299379348755},"size":8.353849411010743,"orthographic":false}