{"cameraMode":{"drawMode":0,"name":"Shaded","section":"Shading Mode"},"sceneLighting":true,"audioPlay":false,"sceneViewState":{"showFog":true,"showMaterialUpdate":false,"showSkybox":false,"showFlares":true,"showImageEffects":true,"showParticleSystems":true},"in2DMode":false,"pivot":{"x":-2.781147003173828,"y":1.9433841705322266,"z":-0.6991519927978516},"rotation":{"x":0.2591196298599243,"y":-0.37006568908691409,"z":0.16307875514030457,"w":0.877126932144165},"size":84.44937133789063,"orthographic":false}